{
  "bookGuiScale": 0,
  "clickedVisualize": false,
  "bookData": {
    "tfc:field_guide": {
      "viewedEntries": [
        "tfc:getting_started/building_materials",
        "tfc:getting_started/introduction",
        "tfc:the_world/ores_and_minerals",
        "tfc:mechanics/crops",
        "tfc:getting_started/firepit",
        "tfc:getting_started/a_place_to_sleep",
        "tfc:mechanics/bread",
        "tfc:getting_started/food_and_water",
        "tfc:mechanics/sluices",
        "tfc:the_world/biomes",
        "tfc:mechanics/leather_making",
        "tfc:mechanics/aqueducts",
        "tfc:mechanics/wooden_buckets",
        "tfc:getting_started/primitive_alloys",
        "tfc:mechanics/dairy",
        "tfc:mechanics/advanced_building_materials",
        "tfc:getting_started/pottery",
        "tfc:mechanics/fire_clay",
        "tfc:getting_started/pit_kiln",
        "tfc:getting_started/size_and_weight",
        "tfc:the_world/wild_fruits",
        "tfc:mechanics/barrels",
        "tfc:mechanics/armor",
        "tfc:mechanics/pot",
        "tfc:getting_started/finding_ores",
        "tfc:mechanics/prospecting",
        "tfc:the_world/wild_crops",
        "tfc:mechanics/chisel",
        "tfc:mechanics/blast_furnace",
        "tfc:mechanics/charcoal_forge",
        "tfc:mechanics/flux",
        "tfc:getting_started/primitive_anvils"
      ],
      "bookmarks": [
        {
          "entry": "tfc:the_world/ores_and_minerals",
          "page": 13
        },
        {
          "entry": "tfc:getting_started/building_materials",
          "page": 7
        }
      ],
      "completedManualQuests": []
    }
  }
}