{"cosmeticOptions":{"showBack":"true","disableBackendNotification":"false","showArm":"true","realisticCloak":"true","coreModToggleKey":"0","enabled":"false","onlySelf":"false","showShields":"true","showAuras":"true","gravity":"1.0","showBoots":"true","coreModToggleKeyNotify":"true","elytraCloak":"true","showPets":"true","showWings":"true","showHats":"true","showFace":"true","firstPerson":"true"},"chatOptions":{"mentionBold":"false","keepHistory":"true","chatHidden":"false","enabled":"false","mentionTextColor":"green","customTriggerText1":"","customTriggerText2":"","hideGreyIndicators":"false","customMentionTriggers":"false","customTriggerText3":"","textShadow":"true","mentionSound":"true","backgroundColor":"0/0/0/128","mentionHighlightChangeTextColor":"false","mentionOwnMessage":"false","keyToggleChat":"0","stackMessages":"true","hideYellowIndicators":"false","consecutiveMessagesOnly":"false","mentionHighlight":"false","coreModToggleKey":"0","unlimitedScrollback":"true","coreModToggleKeyNotify":"true","mentionBackgroundColor":"0/235/0/145","copyOnClick":"17,100002","hideRedIndicators":"false","mentionHighlightBackground":"true","mensionSoundVolume":"80"},"graphicsOptions":{"topLeftColor":"false/0/0/0/54","mojangColor":"false/255/255/255/255","barColor":"false/255/255/255/255","enabled":"false","blurWidgets3":"false","topColor":"false/0/0/0/54","blurMenus":"true","clearGlass":"false","fade":"true","fadeOutDuration":"1.0","fadeOutTime":"0.0","disableAdvancements":"false","bottomLeftColor":"false/0/0/0/54","clearColoredGlass":"false","topRightColor":"false/0/0/0/54","bottomColor":"false/0/0/0/54","blurWidgetStrength1":"1","disablePanoramaIngame":"true","backgroundColor":"false/13/13/13/255","cornerColoringMethod":"none","minViewBobbing":"true","disableStitchedItemTextures":"false","featherLoadingScreen":"custom","onlyFeatherColor":"true","fullColor":"false/0/0/0/54","fadeInTime":"0.2","coreModToggleKey":"0","fadeInDuration":"0.5","fireHeight":"0.3","onlyFeatherBlur":"false","interpolationMethod":"linear","coreModToggleKeyNotify":"true","bottomRightColor":"false/0/0/0/54","disableDirtBackground":"true"},"social":{"locationNotifications":"true","messageSound":"true","hideLocation":"false","blockNonFriendChats":"false","keyToggleOverlay":"16,9","blockUnknownFriendRequests":"false","coreModToggleKey":"0","enabled":"false","restrictStatusBroadcast":"false","coreModToggleKeyNotify":"true","messageSoundVolume":"50","messageNotifications":"true","onlineNotifications":"true"},"core":{"effectTimeColor":"255/255/255/110","directJoinPreview":"true","originalMenuToggle":"false","translateFormattingCodes":"true","snappingMagnetRadius":"6","hideSponsoredServers":"false","serverLeaveKeybind":"0","serverBanners":"true","idleMinutes":"5","overlayEffectTime":"both","uiScaling":"1.0","showModsInChat":"false","modPreviewBackground":"mountains","keyHudEditor":"10016","locationTooltipISP":"true","favoriteWorlds":"true","serverLocationTooltip":"true","featherIconPlacement":"bottomright","coreModToggleKey":"0","serverDrag":"true","limitWhenIdle":"true","portalSound":"true","serverGeolocation":"true","showModsInInventory":"true","disableFeatherPauseScreen":"false","limitWhenUnfocused":"true","menuLogoColor":"255/255/255/255","snappingLineWidth":"1","serverCountryPlacement":"top","leaveConfirm":"false","customDropStack":"17","chromaSpeed":"10.0","serverCountryBorderThickness":"0.5","scrollScaleLinger":"4","enabled":"false","locationTooltipPlace":"true","toggleModKeybinds":"false","idleSeconds":"0","mainColor":"221/53/56/255","serverCountryBorder":"false","uiQuality":"ultra","serverSearchBar":"true","serverCountryBorderColor":"false/180/180/180/255","chromaScale1":"1.75","militaryTime":"false","sendWarningToastInChat":"true","serverFolders":"true","hideServerEvents":"false","chromaMode":"normal","snappingLineColor":"128/255/255/255","borderlessFullscreen":"false","scalingStep":"0.05","inactiveFPS":"30","serverFolderClickJoin":"true","backgroundRadius":"4","coreModToggleKeyNotify":"true","disableHotbarLooping":"false","deleteWorldToTrash":"false"},"performanceOptions":{"bufferImprovements":"true","nametagOptimization":"true","lightTextureImprovements":"true","coreModToggleKeyNotify":"true","limitFeatherHudFps":"true","coreModToggleKey":"0","enabled":"false"}}